{"bio-protocol":0.6432037655778639,"dymension":2.267838663296943,"stepn":0.3389010415649409,"thorchain":4.2521852412116825,"ethena":2.121515782831883,"pudgy-penguins":0.10096587619878618,"usual":1.123985645654363,"dogwifcoin":3.0713078225815225,"book-of-meme":0.008248221847669879}