{"bio-protocol":0.5303787251950565,"dymension":2.267838663296943,"stepn":0.2382797075936092,"thorchain":4.2521852412116825,"ethena":2.014331405468486,"pudgy-penguins":0.10096587619878618,"usual":1.0157709668743304,"dogwifcoin":2.9230987233652708,"book-of-meme":0.008248221847669879}