{"bio-protocol":0.9762832486154018,"dymension":4.001133170690722,"stepn":0.4440283625017019,"thorchain":8.102602543441886,"ethena":2.9896050098247295,"pudgy-penguins":0.10096587619878618,"usual":1.3512929173265158,"dogwifcoin":4.690167356241824,"book-of-meme":0.014094951727409094}