{"bio-protocol":1.088448910039064,"dymension":4.5416816981520105,"stepn":0.4440283625017019,"thorchain":13.461757422299536}