{"bio-protocol":0.5303787251950565,"dymension":1.6918815371073324,"stepn":0.2382797075936092,"thorchain":4.2521852412116825,"ethena":1.56209401353758,"pudgy-penguins":0.10096587619878618,"usual":0.9084438051357893,"dogwifcoin":2.279733252206603,"book-of-meme":0.007235786617233513}