{"bio-protocol":0.870356359733631,"dymension":3.3401304732394825,"stepn":0.4440283625017019,"thorchain":4.469597790498111,"ethena":2.716267312408424,"pudgy-penguins":0.10096587619878618,"usual":1.123985645654363,"dogwifcoin":3.9815798072178086,"book-of-meme":0.012042682141173641}