{"bio-protocol":0.3958094952248133,"dymension":1.3644680325626541,"stepn":0.2382797075936092,"thorchain":4.2521852412116825,"ethena":1.4522847955151776,"pudgy-penguins":0.10096587619878618,"usual":0.8041014701493323,"dogwifcoin":2.030279098368026,"book-of-meme":0.007235786617233513}