{"bio-protocol":0.9762832486154018,"dymension":4.3767235786861844,"stepn":0.4440283625017019,"thorchain":8.102602543441886,"ethena":3.314251037193297,"pudgy-penguins":0.10096587619878618,"usual":1.3512929173265158,"dogwifcoin":5.334442723889301,"book-of-meme":0.015163839459798491}