{"bio-protocol":0.9762832486154018,"dymension":4.3767235786861844,"stepn":0.4440283625017019,"thorchain":12.13621093992511,"ethena":3.415651497360503,"pudgy-penguins":0.10096587619878618,"usual":1.4567449612785726,"dogwifcoin":5.504357153209616,"book-of-meme":0.01624917670180801}