{"bio-protocol":1.088448910039064,"dymension":4.5416816981520105,"stepn":0.4440283625017019,"thorchain":13.461757422299536,"ethena":3.415651497360503,"pudgy-penguins":0.10096587619878618}