{"bio-protocol":0.9762832486154018,"dymension":4.3767235786861844,"stepn":0.4440283625017019,"thorchain":13.227288644041575,"ethena":3.415651497360503,"pudgy-penguins":0.10096587619878618,"usual":1.5661026230341806,"dogwifcoin":6.04123159901551,"book-of-meme":0.01763845252900108}