{"bio-protocol":0.22214080140989972,"dymension":1.1439560371136106,"stepn":0.2382797075936092,"thorchain":3.878891455888922,"ethena":1.0039200324344355,"pudgy-penguins":0.10096587619878618,"usual":0.4345792395728414,"dogwifcoin":1.5477220172844335,"book-of-meme":0.005144750688223249}