{"bio-protocol":0.870356359733631,"dymension":3.4808118498129805,"stepn":0.4440283625017019,"thorchain":8.102602543441886,"ethena":2.716267312408424,"pudgy-penguins":0.10096587619878618,"usual":1.2251615804855538,"dogwifcoin":3.9815798072178086,"book-of-meme":0.013089136285207175}