{"bio-protocol":0.9762832486154018,"dymension":4.3767235786861844,"stepn":0.4440283625017019,"thorchain":13.227288644041575,"ethena":3.415651497360503,"pudgy-penguins":0.10096587619878618,"usual":1.6689181343406547,"dogwifcoin":6.1645707849881,"book-of-meme":0.01763845252900108}