{"bio-protocol":1.088448910039064,"dymension":4.5416816981520105}