{"bio-protocol":0.6432037655778639,"dymension":2.8064046669408196,"stepn":0.3389010415649409,"thorchain":4.2521852412116825,"ethena":2.4951557959976225,"pudgy-penguins":0.10096587619878618,"usual":1.123985645654363,"dogwifcoin":3.9815798072178086,"book-of-meme":0.01077069644352156}