{"bio-protocol":0.3958094952248133,"dymension":1.5312586466463545,"stepn":0.2382797075936092,"thorchain":4.2521852412116825,"ethena":1.56209401353758,"pudgy-penguins":0.10096587619878618,"usual":0.8041014701493323,"dogwifcoin":2.1332383939417805,"book-of-meme":0.007235786617233513}