{"bio-protocol":0.9762832486154018,"dymension":4.11412549873158,"stepn":0.4440283625017019,"thorchain":8.102602543441886,"ethena":3.104156598685232,"pudgy-penguins":0.10096587619878618,"usual":1.3512929173265158,"dogwifcoin":4.823971357303751,"book-of-meme":0.015163839459798491}