{"bio-protocol":0.3958094952248133,"dymension":1.1439560371136106,"stepn":0.2382797075936092,"thorchain":4.2521852412116825,"ethena":1.346184845291784,"pudgy-penguins":0.10096587619878618,"usual":0.6992143300171789,"dogwifcoin":1.686016158419281,"book-of-meme":0.005144750688223249}