{"bio-protocol":0.6432037655778639,"dymension":2.647459991606452,"stepn":0.3389010415649409,"thorchain":4.2521852412116825,"ethena":2.3695720085038317,"pudgy-penguins":0.10096587619878618,"usual":1.123985645654363,"dogwifcoin":3.496363972979548,"book-of-meme":0.009563669751561445}