{"bio-protocol":0.870356359733631,"dymension":3.8919830260209385,"stepn":0.4440283625017019,"thorchain":8.102602543441886,"ethena":2.9896050098247295,"pudgy-penguins":0.10096587619878618,"usual":1.2251615804855538,"dogwifcoin":4.561050215727794,"book-of-meme":0.014094951727409094}