{"dymension":4.698349381529618,"ethena":3.4842365748876305,"bio-protocol":1.1814010845901528,"stepn":0.5160584616415437,"pudgy-penguins":0.11433287715269536,"thorchain":13.721536833996574}