{"dymension":5.21679504558664,"ethena":3.615492518395369,"bio-protocol":1.2929858651460004,"stepn":0.5160584616415437,"pudgy-penguins":0.11433287715269536,"thorchain":14.623445037916559}