{"dymension":4.943375949489277,"ethena":3.4842365748876305,"bio-protocol":1.2929858651460004,"stepn":0.5160584616415437,"pudgy-penguins":0.11433287715269536,"thorchain":14.42770698549252}